{"headless": true, "game_name": "GAME_CACBDE48", "map_name": "sscai/(4)Empire of the Sun.scm", "game_type": "FREE_FOR_ALL", "game_speed": 0, "timeout": null, "hide_names": false, "drop_players": false, "allow_input": false, "auto_launch": false, "random_names": false, "game_dir": "/home/maoruichen/.scbw/games", "bot_dir": "/home/maoruichen/.scbw/bots", "map_dir": "/home/maoruichen/.scbw/maps", "bwapi_data_bwta_dir": "/home/maoruichen/.scbw/bwapi-data/BWTA", "bwapi_data_bwta2_dir": "/home/maoruichen/.scbw/bwapi-data/BWTA2", "vnc_base_port": 5900, "vnc_host": "localhost", "capture_movement": false, "docker_image": "starcraft:game-1.0.4", "docker_opts": [], "read_overwrite": false, "bots": ["PurpleWave", "TorchCraft"], "is_crashed": false, "is_gametime_outed": false, "is_realtime_outed": false, "game_time": 743.2592062950134, "winner": "TorchCraft", "loser": "PurpleWave", "winner_race": "Z", "loser_race": "P"}